region,total_revenue,unique_customers,avg_rating
Asia,1099906.73,1437,4.264349232012934
Europe,1401570.95,1528,4.287712287712288
North America,1820027.53,1714,4.274937343358396
Others,240527.6,472,4.3076923076923075
